booking_id,property_id,booked_at,check_in,check_out,nightly_rate_usd,cleaning_fee_usd,channel,status,guest_country,rating
B0001,P001,2023-10-12,2024-01-03,2024-01-11,67.93,25.5,Booking.com,completed,Argentina,4.4
B0002,P001,2024-01-20,2024-01-28,2024-02-03,66.16,25.5,Airbnb,completed,Argentina,4.4
B0003,P001,2023-12-12,2024-02-21,2024-02-29,76.4,25.5,Booking.com,completed,Argentina,4.8
B0004,P001,2023-12-06,2024-03-08,2024-03-16,82.72,25.5,Airbnb,cancelled,Spain,
B0005,P001,2024-02-08,2024-03-18,2024-03-26,73.01,25.5,Direct,completed,Argentina,5.0
B0006,P001,2024-02-16,2024-03-12,2024-03-17,87.17,25.5,Expedia,completed,Argentina,4.8
B0007,P001,2024-02-15,2024-04-16,2024-04-20,72.9,25.5,Booking.com,completed,Brazil,4.6
B0008,P001,2024-01-12,2024-04-12,2024-04-15,89.35,25.5,Expedia,cancelled,Chile,
B0009,P001,2024-03-21,2024-05-27,2024-06-01,70.88,25.5,Airbnb,completed,Chile,4.8
B0010,P001,2024-02-04,2024-05-08,2024-05-14,70.6,25.5,Direct,completed,Brazil,4.8
B0011,P001,2024-03-29,2024-05-23,2024-05-25,73.83,25.5,Direct,completed,Brazil,4.9
B0012,P001,2024-03-10,2024-06-02,2024-06-05,65.12,25.5,Airbnb,completed,United States,4.5
B0013,P001,2024-05-14,2024-06-22,2024-06-28,79.41,25.5,Direct,completed,Argentina,4.6
B0014,P001,2024-03-18,2024-06-12,2024-06-19,76.63,25.5,Booking.com,completed,Spain,4.0
B0015,P001,2024-06-17,2024-06-29,2024-07-06,75.28,25.5,Expedia,completed,Argentina,4.5
B0016,P001,2024-06-15,2024-07-23,2024-07-27,65.81,25.5,Airbnb,completed,United States,4.4
B0017,P001,2024-06-21,2024-07-17,2024-07-20,66.36,25.5,Booking.com,completed,Argentina,4.3
B0018,P001,2024-05-24,2024-07-07,2024-07-12,71.19,25.5,Booking.com,completed,Brazil,4.5
B0019,P001,2024-07-25,2024-08-30,2024-09-02,64.33,25.5,Direct,cancelled,Argentina,
B0020,P001,2024-07-29,2024-08-16,2024-08-23,68.05,25.5,Booking.com,completed,Argentina,4.2
B0021,P001,2024-06-27,2024-08-03,2024-08-07,79.71,25.5,Airbnb,completed,Argentina,4.7
B0022,P001,2024-08-02,2024-09-22,2024-09-26,78.07,25.5,Direct,completed,Argentina,4.5
B0023,P001,2024-09-14,2024-10-30,2024-11-07,79.55,25.5,Airbnb,completed,Brazil,4.3
B0024,P001,2024-08-08,2024-10-04,2024-10-06,71.3,25.5,Booking.com,completed,Argentina,4.5
B0025,P001,2024-09-13,2024-10-23,2024-10-25,89.75,25.5,Airbnb,completed,Argentina,4.2
B0026,P001,2024-10-31,2024-11-26,2024-11-29,87.47,25.5,Direct,completed,Argentina,4.6
B0027,P001,2024-11-19,2024-12-13,2024-12-18,63.05,25.5,Direct,completed,Uruguay,4.2
B0028,P001,2024-12-10,2024-12-26,2024-12-28,78.16,25.5,Booking.com,completed,Uruguay,5.0
B0029,P001,2025-01-29,2025-02-16,2025-02-18,70.1,25.5,Direct,cancelled,Brazil,
B0030,P001,2024-12-11,2025-02-11,2025-02-17,73.94,25.5,Direct,completed,United States,4.3
B0031,P001,2024-12-08,2025-03-05,2025-03-12,85.86,25.5,Airbnb,completed,Brazil,4.2
B0032,P001,2025-02-15,2025-03-15,2025-03-21,75.08,25.5,Booking.com,completed,Chile,5.0
B0033,P001,2025-01-04,2025-03-29,2025-04-02,78.89,25.5,Booking.com,completed,Argentina,5.0
B0034,P001,2025-03-23,2025-04-13,2025-04-18,79.38,25.5,Booking.com,completed,Argentina,4.1
B0035,P001,2025-01-12,2025-04-03,2025-04-08,87.44,25.5,Expedia,completed,Chile,4.1
B0036,P001,2025-04-17,2025-04-21,2025-04-27,79.74,25.5,Direct,completed,Argentina,4.6
B0037,P001,2025-02-18,2025-05-19,2025-05-23,71.58,25.5,Airbnb,completed,Chile,4.4
B0038,P001,2025-03-29,2025-06-15,2025-06-23,69.46,25.5,Booking.com,completed,Argentina,4.6
B0039,P001,2025-04-10,2025-06-23,2025-06-28,70.21,25.5,Booking.com,cancelled,Brazil,
B0040,P001,2025-06-08,2025-06-12,2025-06-15,73.69,25.5,Direct,completed,Brazil,4.2
B0041,P001,2025-03-07,2025-06-05,2025-06-12,79.2,25.5,Booking.com,completed,Spain,4.1
B0042,P001,2025-04-21,2025-07-17,2025-07-21,78.2,25.5,Booking.com,completed,Argentina,4.1
B0043,P001,2025-05-29,2025-07-14,2025-07-16,71.25,25.5,Airbnb,completed,Spain,4.4
B0044,P001,2025-05-06,2025-07-21,2025-07-29,63.59,25.5,Booking.com,completed,Brazil,4.9
B0045,P001,2025-07-23,2025-08-01,2025-08-07,74.43,25.5,Direct,completed,Brazil,4.6
B0046,P001,2025-07-11,2025-08-07,2025-08-10,64.31,25.5,Booking.com,completed,Brazil,4.3
B0047,P001,2025-07-21,2025-08-27,2025-08-30,66.21,25.5,Airbnb,completed,Chile,4.6
B0048,P001,2025-07-06,2025-09-15,2025-09-20,79.34,25.5,Direct,completed,Argentina,4.2
B0049,P001,2025-07-19,2025-09-29,2025-10-07,62.23,25.5,Direct,completed,Uruguay,4.5
B0050,P001,2025-09-04,2025-10-27,2025-10-29,72.79,25.5,Airbnb,completed,Argentina,4.2
B0051,P001,2025-08-21,2025-10-10,2025-10-16,73.81,25.5,Booking.com,completed,Brazil,4.1
B0052,P001,2025-11-05,2025-11-25,2025-11-27,77.51,25.5,Booking.com,completed,Brazil,4.7
B0053,P001,2025-08-18,2025-11-18,2025-11-23,82.59,25.5,Airbnb,completed,Argentina,4.8
B0054,P001,2025-12-05,2025-12-28,2025-12-31,75.45,25.5,Booking.com,completed,Brazil,4.1
B0055,P002,2023-12-10,2024-01-11,2024-01-16,86.22,33.0,Direct,cancelled,Argentina,
B0056,P002,2023-12-16,2024-02-18,2024-02-24,106.33,33.0,Booking.com,completed,Brazil,4.4
B0057,P002,2024-01-28,2024-02-01,2024-02-04,101.05,33.0,Booking.com,completed,Argentina,4.1
B0058,P002,2024-02-02,2024-02-25,2024-02-27,104.98,33.0,Direct,completed,Chile,4.0
B0059,P002,2024-01-22,2024-03-26,2024-03-30,96.71,33.0,Airbnb,completed,Argentina,5.0
B0060,P002,2024-01-31,2024-03-27,2024-04-04,121.97,33.0,Expedia,cancelled,Brazil,
B0061,P002,2024-02-17,2024-03-19,2024-03-24,115.24,33.0,Direct,cancelled,United States,
B0062,P002,2024-03-31,2024-04-03,2024-04-11,109.25,33.0,Booking.com,completed,Brazil,4.1
B0063,P002,2024-02-17,2024-04-29,2024-05-03,123.33,33.0,Airbnb,completed,Argentina,4.9
B0064,P002,2024-05-31,2024-06-22,2024-06-30,88.14,33.0,Direct,completed,Argentina,4.3
B0065,P002,2024-06-06,2024-07-02,2024-07-10,91.85,33.0,Booking.com,completed,Argentina,5.0
B0066,P002,2024-04-23,2024-07-24,2024-08-01,100.39,33.0,Airbnb,completed,Brazil,4.1
B0067,P002,2024-08-07,2024-08-14,2024-08-19,93.88,33.0,Direct,completed,Argentina,4.1
B0068,P002,2024-06-03,2024-08-30,2024-09-06,87.06,33.0,Airbnb,completed,Chile,4.1
B0069,P002,2024-09-24,2024-10-24,2024-10-30,106.34,33.0,Airbnb,cancelled,Argentina,
B0070,P002,2024-07-07,2024-10-08,2024-10-14,114.47,33.0,Airbnb,completed,Brazil,4.7
B0071,P002,2024-07-11,2024-10-14,2024-10-20,100.7,33.0,Booking.com,completed,United States,4.7
B0072,P002,2024-09-14,2024-11-27,2024-12-04,109.34,33.0,Booking.com,completed,Argentina,4.9
B0073,P002,2024-10-10,2024-12-17,2024-12-22,99.0,33.0,Direct,cancelled,United States,
B0074,P002,2024-12-27,2025-01-29,2025-02-01,104.87,33.0,Airbnb,completed,Chile,4.4
B0075,P002,2024-12-21,2025-01-17,2025-01-19,106.75,33.0,Airbnb,completed,Chile,4.2
B0076,P002,2025-03-11,2025-03-26,2025-04-01,120.22,33.0,Airbnb,completed,Argentina,4.9
B0077,P002,2025-02-22,2025-03-23,2025-03-25,122.31,33.0,Booking.com,cancelled,Argentina,
B0078,P002,2024-12-27,2025-03-04,2025-03-07,98.87,33.0,Airbnb,completed,Argentina,4.9
B0079,P002,2025-04-12,2025-05-18,2025-05-25,94.23,33.0,Airbnb,completed,Chile,4.7
B0080,P002,2025-03-31,2025-06-22,2025-06-26,102.97,33.0,Booking.com,cancelled,Argentina,
B0081,P002,2025-05-26,2025-07-20,2025-07-23,101.72,33.0,Direct,completed,Uruguay,5.0
B0082,P002,2025-04-24,2025-07-05,2025-07-08,106.29,33.0,Booking.com,completed,Uruguay,4.4
B0083,P002,2025-03-30,2025-07-02,2025-07-05,84.21,33.0,Direct,completed,Argentina,4.3
B0084,P002,2025-07-16,2025-08-27,2025-09-03,85.33,33.0,Booking.com,completed,United States,4.6
B0085,P002,2025-06-08,2025-08-18,2025-08-24,108.09,33.0,Airbnb,cancelled,Argentina,
B0086,P002,2025-07-18,2025-08-03,2025-08-09,105.6,33.0,Airbnb,completed,Chile,4.9
B0087,P002,2025-05-29,2025-08-18,2025-08-25,94.47,33.0,Airbnb,completed,Argentina,4.7
B0088,P002,2025-07-17,2025-09-12,2025-09-18,103.8,33.0,Airbnb,completed,United States,4.7
B0089,P002,2025-09-24,2025-09-27,2025-09-29,85.1,33.0,Direct,completed,Argentina,4.6
B0090,P002,2025-08-23,2025-10-26,2025-11-02,108.55,33.0,Booking.com,completed,Brazil,4.7
B0091,P002,2025-09-19,2025-10-19,2025-10-26,106.53,33.0,Booking.com,completed,Spain,4.7
B0092,P002,2025-10-27,2025-11-20,2025-11-23,96.32,33.0,Booking.com,completed,Brazil,4.5
B0093,P002,2025-10-11,2025-11-23,2025-11-30,102.99,33.0,Booking.com,completed,Spain,5.0
B0094,P002,2025-08-27,2025-11-12,2025-11-16,108.55,33.0,Direct,completed,Chile,4.9
B0095,P002,2025-09-20,2025-12-04,2025-12-10,105.98,33.0,Direct,completed,Argentina,4.2
B0096,P002,2025-12-12,2025-12-15,2025-12-22,98.8,33.0,Booking.com,completed,Argentina,4.2
B0097,P003,2023-12-21,2024-01-20,2024-01-27,88.48,25.5,Airbnb,completed,Spain,4.2
B0098,P003,2023-10-18,2024-01-02,2024-01-08,70.81,25.5,Airbnb,completed,Argentina,4.7
B0099,P003,2024-01-30,2024-02-16,2024-02-20,89.93,25.5,Airbnb,completed,Chile,4.5
B0100,P003,2023-11-25,2024-02-04,2024-02-09,76.11,25.5,Airbnb,cancelled,Argentina,
B0101,P003,2024-02-02,2024-02-26,2024-02-28,88.82,25.5,Expedia,completed,Argentina,4.5
B0102,P003,2024-02-15,2024-03-20,2024-03-26,86.9,25.5,Airbnb,completed,Argentina,4.3
B0103,P003,2024-02-07,2024-03-27,2024-04-03,80.75,25.5,Booking.com,completed,Brazil,4.5
B0104,P003,2024-03-04,2024-04-08,2024-04-13,94.27,25.5,Airbnb,completed,Argentina,5.0
B0105,P003,2024-02-26,2024-04-24,2024-04-29,93.7,25.5,Booking.com,completed,Brazil,4.7
B0106,P003,2024-04-12,2024-05-13,2024-05-19,88.96,25.5,Airbnb,completed,United States,4.5
B0107,P003,2024-02-19,2024-05-07,2024-05-13,70.04,25.5,Expedia,completed,Argentina,4.9
B0108,P003,2024-06-03,2024-06-09,2024-06-15,72.26,25.5,Booking.com,completed,Spain,5.0
B0109,P003,2024-05-16,2024-06-06,2024-06-13,83.98,25.5,Booking.com,cancelled,Argentina,
B0110,P003,2024-05-08,2024-07-19,2024-07-22,84.28,25.5,Booking.com,completed,Brazil,4.0
B0111,P003,2024-07-04,2024-07-22,2024-07-29,88.74,25.5,Booking.com,cancelled,Argentina,
B0112,P003,2024-07-30,2024-08-16,2024-08-21,82.94,25.5,Airbnb,completed,Argentina,4.8
B0113,P003,2024-07-15,2024-09-12,2024-09-20,83.92,25.5,Direct,completed,Chile,4.9
B0114,P003,2024-08-23,2024-09-05,2024-09-08,75.78,25.5,Direct,completed,Argentina,4.9
B0115,P003,2024-07-20,2024-10-06,2024-10-12,93.18,25.5,Airbnb,cancelled,United States,
B0116,P003,2024-07-30,2024-11-02,2024-11-06,91.89,25.5,Airbnb,completed,Spain,4.9
B0117,P003,2024-11-12,2024-11-23,2024-11-30,100.48,25.5,Expedia,completed,Argentina,4.1
B0118,P003,2024-12-05,2024-12-08,2024-12-11,75.76,25.5,Airbnb,completed,Chile,4.7
B0119,P003,2025-01-06,2025-01-30,2025-02-01,87.1,25.5,Booking.com,completed,Argentina,4.3
B0120,P003,2025-01-16,2025-02-25,2025-03-03,73.2,25.5,Booking.com,completed,Argentina,4.2
B0121,P003,2024-12-31,2025-02-17,2025-02-20,71.09,25.5,Booking.com,completed,Chile,4.9
B0122,P003,2025-02-02,2025-03-22,2025-03-25,92.54,25.5,Booking.com,completed,Chile,4.4
B0123,P003,2025-03-08,2025-03-27,2025-04-02,80.49,25.5,Direct,completed,Uruguay,4.2
B0124,P003,2024-12-26,2025-03-15,2025-03-18,79.1,25.5,Airbnb,completed,Argentina,4.1
B0125,P003,2025-02-16,2025-03-05,2025-03-09,91.86,25.5,Expedia,completed,Brazil,4.7
B0126,P003,2025-01-31,2025-04-21,2025-04-24,90.82,25.5,Direct,completed,Brazil,4.6
B0127,P003,2025-03-14,2025-05-09,2025-05-17,72.02,25.5,Booking.com,completed,Argentina,4.6
B0128,P003,2025-03-05,2025-05-26,2025-05-28,84.32,25.5,Booking.com,completed,Argentina,4.6
B0129,P003,2025-04-05,2025-05-07,2025-05-09,84.02,25.5,Airbnb,completed,Brazil,4.4
B0130,P003,2025-04-04,2025-05-28,2025-06-04,82.29,25.5,Booking.com,completed,Brazil,4.3
B0131,P003,2025-04-30,2025-06-04,2025-06-09,77.83,25.5,Direct,completed,Argentina,4.2
B0132,P003,2025-05-19,2025-06-22,2025-06-27,86.47,25.5,Airbnb,completed,Argentina,4.2
B0133,P003,2025-05-16,2025-06-19,2025-06-21,75.52,25.5,Expedia,completed,Chile,4.6
B0134,P003,2025-04-06,2025-07-02,2025-07-08,73.85,25.5,Booking.com,cancelled,Brazil,
B0135,P003,2025-07-23,2025-07-30,2025-08-05,86.88,25.5,Direct,completed,Uruguay,4.1
B0136,P003,2025-06-13,2025-07-02,2025-07-09,73.83,25.5,Direct,completed,Argentina,4.4
B0137,P003,2025-05-17,2025-08-06,2025-08-09,70.16,25.5,Booking.com,completed,Uruguay,4.3
B0138,P003,2025-06-02,2025-08-14,2025-08-20,75.17,25.5,Airbnb,completed,Chile,5.0
B0139,P003,2025-09-17,2025-10-10,2025-10-18,89.09,25.5,Booking.com,completed,Argentina,4.3
B0140,P003,2025-07-26,2025-10-20,2025-10-23,79.53,25.5,Direct,completed,United States,4.3
B0141,P003,2025-09-14,2025-10-30,2025-11-03,81.04,25.5,Expedia,completed,Argentina,4.9
B0142,P003,2025-09-14,2025-12-04,2025-12-09,77.66,25.5,Booking.com,completed,Argentina,4.5
B0143,P003,2025-11-29,2025-12-19,2025-12-26,73.86,25.5,Airbnb,completed,United States,4.3
B0144,P004,2023-11-07,2024-01-02,2024-01-04,54.68,25.5,Airbnb,completed,Brazil,5.0
B0145,P004,2023-10-20,2024-01-09,2024-01-13,54.05,25.5,Airbnb,completed,Argentina,4.8
B0146,P004,2023-11-23,2024-01-14,2024-01-21,60.57,25.5,Airbnb,completed,Argentina,4.5
B0147,P004,2024-01-04,2024-02-07,2024-02-15,67.23,25.5,Airbnb,completed,Argentina,4.4
B0148,P004,2024-01-10,2024-02-16,2024-02-21,64.34,25.5,Airbnb,completed,Brazil,4.6
B0149,P004,2024-03-08,2024-03-28,2024-04-03,54.35,25.5,Airbnb,completed,Argentina,4.3
B0150,P004,2024-02-03,2024-03-26,2024-04-01,51.07,25.5,Booking.com,cancelled,United States,
B0151,P004,2023-12-31,2024-03-12,2024-03-16,51.71,25.5,Expedia,completed,Argentina,4.6
B0152,P004,2024-02-24,2024-04-15,2024-04-22,53.8,25.5,Airbnb,completed,Argentina,4.3
B0153,P004,2024-01-26,2024-04-26,2024-04-28,51.24,25.5,Booking.com,completed,United States,4.5
B0154,P004,2024-01-02,2024-04-05,2024-04-09,47.3,25.5,Expedia,completed,Spain,4.8
B0155,P004,2024-04-09,2024-05-09,2024-05-16,54.68,25.5,Airbnb,completed,Uruguay,4.1
B0156,P004,2024-04-21,2024-05-18,2024-05-21,47.77,25.5,Airbnb,completed,Uruguay,4.3
B0157,P004,2024-04-21,2024-06-09,2024-06-15,46.64,25.5,Booking.com,completed,Brazil,4.9
B0158,P004,2024-03-25,2024-06-15,2024-06-20,54.66,25.5,Booking.com,completed,Argentina,4.9
B0159,P004,2024-07-01,2024-07-17,2024-07-20,67.19,25.5,Airbnb,completed,Argentina,4.2
B0160,P004,2024-05-30,2024-07-26,2024-08-03,55.31,25.5,Direct,completed,Uruguay,4.8
B0161,P004,2024-06-05,2024-07-20,2024-07-26,62.46,25.5,Booking.com,completed,Brazil,4.7
B0162,P004,2024-05-28,2024-08-22,2024-08-30,46.73,25.5,Expedia,completed,Uruguay,4.5
B0163,P004,2024-07-21,2024-08-13,2024-08-20,53.46,25.5,Airbnb,completed,United States,4.0
B0164,P004,2024-07-07,2024-08-07,2024-08-09,47.64,25.5,Booking.com,completed,Argentina,4.0
B0165,P004,2024-07-27,2024-09-04,2024-09-08,53.57,25.5,Direct,completed,United States,4.6
B0166,P004,2024-08-30,2024-10-21,2024-10-23,46.54,25.5,Expedia,completed,United States,4.6
B0167,P004,2024-09-11,2024-11-22,2024-11-24,53.87,25.5,Direct,completed,Argentina,4.8
B0168,P004,2024-11-26,2024-12-20,2024-12-24,55.12,25.5,Airbnb,completed,Brazil,4.2
B0169,P004,2024-09-14,2024-12-03,2024-12-09,46.4,25.5,Direct,cancelled,Chile,
B0170,P004,2024-11-11,2025-01-15,2025-01-22,64.83,25.5,Direct,cancelled,Argentina,
B0171,P004,2025-01-14,2025-01-19,2025-01-27,55.87,25.5,Booking.com,completed,Argentina,4.5
B0172,P004,2025-01-02,2025-02-23,2025-02-28,61.62,25.5,Airbnb,completed,Argentina,4.0
B0173,P004,2024-11-18,2025-02-02,2025-02-04,67.78,25.5,Airbnb,cancelled,Brazil,
B0174,P004,2024-11-13,2025-02-10,2025-02-14,66.64,25.5,Direct,completed,Argentina,4.2
B0175,P004,2025-02-19,2025-03-16,2025-03-20,54.7,25.5,Booking.com,completed,Chile,4.3
B0176,P004,2024-12-26,2025-03-05,2025-03-08,55.86,25.5,Airbnb,completed,Spain,4.6
B0177,P004,2025-01-31,2025-03-21,2025-03-24,57.94,25.5,Expedia,completed,Chile,4.1
B0178,P004,2025-03-14,2025-03-30,2025-04-05,48.12,25.5,Airbnb,completed,Brazil,4.6
B0179,P004,2025-04-16,2025-04-22,2025-04-30,45.93,25.5,Booking.com,completed,Argentina,4.8
B0180,P004,2025-03-15,2025-04-05,2025-04-09,48.48,25.5,Airbnb,completed,Argentina,4.7
B0181,P004,2025-02-08,2025-04-15,2025-04-21,47.5,25.5,Booking.com,completed,United States,4.9
B0182,P004,2025-02-23,2025-05-20,2025-05-27,57.17,25.5,Direct,completed,Argentina,4.5
B0183,P004,2025-04-09,2025-05-10,2025-05-12,55.12,25.5,Booking.com,completed,United States,4.5
B0184,P004,2025-05-16,2025-05-29,2025-06-02,56.93,25.5,Direct,completed,Argentina,4.6
B0185,P004,2025-02-09,2025-05-14,2025-05-17,52.24,25.5,Booking.com,completed,Argentina,4.7
B0186,P004,2025-05-23,2025-06-21,2025-06-25,47.03,25.5,Airbnb,completed,United States,4.9
B0187,P004,2025-05-11,2025-06-10,2025-06-16,58.3,25.5,Airbnb,completed,Argentina,4.2
B0188,P004,2025-04-25,2025-07-11,2025-07-17,68.06,25.5,Booking.com,completed,Spain,4.7
B0189,P004,2025-06-12,2025-07-18,2025-07-23,63.63,25.5,Direct,completed,Brazil,4.1
B0190,P004,2025-07-02,2025-07-29,2025-08-04,59.55,25.5,Direct,completed,Chile,4.2
B0191,P004,2025-05-17,2025-08-18,2025-08-26,58.36,25.5,Booking.com,completed,Argentina,4.9
B0192,P004,2025-08-19,2025-08-29,2025-09-04,56.3,25.5,Direct,completed,Argentina,4.3
B0193,P004,2025-06-24,2025-09-19,2025-09-24,51.16,25.5,Airbnb,completed,Spain,4.9
B0194,P004,2025-07-07,2025-09-06,2025-09-12,46.84,25.5,Direct,completed,Argentina,4.6
B0195,P004,2025-08-08,2025-11-04,2025-11-12,50.71,25.5,Booking.com,completed,Argentina,4.8
B0196,P004,2025-10-13,2025-11-12,2025-11-19,49.23,25.5,Direct,completed,Chile,4.9
B0197,P004,2025-10-22,2025-12-03,2025-12-10,51.69,25.5,Airbnb,completed,Argentina,4.1
B0198,P004,2025-10-11,2025-12-15,2025-12-21,50.8,25.5,Airbnb,completed,United States,4.7
B0199,P004,2025-12-09,2025-12-25,2025-12-28,56.33,25.5,Booking.com,completed,Brazil,4.8
B0200,P005,2023-10-06,2024-01-08,2024-01-13,85.98,33.0,Airbnb,cancelled,Uruguay,
B0201,P005,2023-11-08,2024-01-16,2024-01-21,85.43,33.0,Booking.com,completed,Argentina,4.7
B0202,P005,2023-12-22,2024-02-11,2024-02-13,74.92,33.0,Booking.com,completed,Argentina,4.4
B0203,P005,2024-01-12,2024-02-08,2024-02-10,70.64,33.0,Airbnb,completed,Chile,4.7
B0204,P005,2023-12-29,2024-03-25,2024-03-31,67.51,33.0,Booking.com,completed,Argentina,4.1
B0205,P005,2024-02-18,2024-03-26,2024-04-01,62.47,33.0,Airbnb,cancelled,Argentina,
B0206,P005,2024-02-16,2024-03-25,2024-03-28,72.25,33.0,Booking.com,cancelled,Argentina,
B0207,P005,2024-03-24,2024-04-20,2024-04-26,70.98,33.0,Direct,completed,Spain,4.3
B0208,P005,2024-02-21,2024-04-28,2024-05-05,73.26,33.0,Airbnb,completed,Argentina,4.5
B0209,P005,2024-01-17,2024-04-11,2024-04-14,60.35,33.0,Booking.com,completed,Chile,4.5
B0210,P005,2024-04-25,2024-05-07,2024-05-11,71.29,33.0,Direct,cancelled,Chile,
B0211,P005,2024-05-10,2024-05-14,2024-05-19,65.48,33.0,Booking.com,completed,Brazil,4.7
B0212,P005,2024-04-04,2024-06-14,2024-06-21,71.53,33.0,Booking.com,completed,Brazil,4.1
B0213,P005,2024-05-08,2024-07-15,2024-07-18,85.42,33.0,Booking.com,cancelled,Uruguay,
B0214,P005,2024-06-14,2024-07-08,2024-07-11,73.57,33.0,Booking.com,completed,Uruguay,4.2
B0215,P005,2024-07-20,2024-08-11,2024-08-15,57.97,33.0,Airbnb,completed,Argentina,4.1
B0216,P005,2024-06-26,2024-08-26,2024-08-28,67.15,33.0,Airbnb,completed,Argentina,4.6
B0217,P005,2024-06-12,2024-09-08,2024-09-11,57.66,33.0,Direct,completed,Chile,4.0
B0218,P005,2024-07-14,2024-09-19,2024-09-22,57.92,33.0,Booking.com,completed,United States,4.9
B0219,P005,2024-09-16,2024-10-12,2024-10-20,59.23,33.0,Booking.com,completed,Uruguay,5.0
B0220,P005,2024-08-13,2024-11-16,2024-11-20,59.4,33.0,Airbnb,completed,Spain,4.7
B0221,P005,2024-08-15,2024-11-05,2024-11-11,72.03,33.0,Booking.com,completed,Uruguay,4.3
B0222,P005,2024-09-29,2024-12-16,2024-12-21,63.26,33.0,Booking.com,completed,Chile,4.8
B0223,P005,2024-10-17,2024-12-23,2024-12-30,73.62,33.0,Direct,completed,Argentina,4.8
B0224,P005,2024-09-13,2024-12-06,2024-12-09,67.18,33.0,Booking.com,completed,United States,4.3
B0225,P005,2024-11-03,2025-01-17,2025-01-24,70.42,33.0,Booking.com,completed,Argentina,4.8
B0226,P005,2024-11-20,2025-01-09,2025-01-12,74.09,33.0,Airbnb,completed,Brazil,4.4
B0227,P005,2024-12-19,2025-01-30,2025-02-07,71.49,33.0,Booking.com,completed,Uruguay,4.1
B0228,P005,2025-02-07,2025-02-23,2025-02-27,69.19,33.0,Booking.com,completed,Argentina,4.3
B0229,P005,2024-11-22,2025-02-08,2025-02-16,86.73,33.0,Direct,completed,Argentina,4.1
B0230,P005,2025-02-03,2025-03-12,2025-03-17,62.7,33.0,Booking.com,completed,Argentina,4.2
B0231,P005,2025-01-03,2025-03-06,2025-03-10,67.95,33.0,Direct,completed,Brazil,4.9
B0232,P005,2025-01-16,2025-03-29,2025-04-01,69.07,33.0,Airbnb,completed,Chile,4.1
B0233,P005,2025-02-05,2025-04-24,2025-05-02,64.43,33.0,Airbnb,completed,Argentina,5.0
B0234,P005,2025-02-27,2025-04-12,2025-04-16,63.76,33.0,Booking.com,completed,Chile,4.8
B0235,P005,2025-05-13,2025-05-21,2025-05-28,73.06,33.0,Direct,completed,Brazil,4.9
B0236,P005,2025-02-20,2025-05-03,2025-05-08,66.68,33.0,Airbnb,completed,Brazil,4.8
B0237,P005,2025-04-26,2025-06-13,2025-06-17,64.29,33.0,Booking.com,completed,Uruguay,4.0
B0238,P005,2025-04-17,2025-06-25,2025-07-03,71.96,33.0,Airbnb,completed,Brazil,4.5
B0239,P005,2025-04-05,2025-06-02,2025-06-10,58.96,33.0,Booking.com,completed,Argentina,4.1
B0240,P005,2025-05-31,2025-06-19,2025-06-25,63.99,33.0,Direct,completed,Uruguay,4.7
B0241,P005,2025-04-12,2025-07-08,2025-07-13,67.87,33.0,Airbnb,completed,Uruguay,4.2
B0242,P005,2025-07-13,2025-07-23,2025-07-31,87.52,33.0,Airbnb,cancelled,Chile,
B0243,P005,2025-08-07,2025-08-14,2025-08-21,64.85,33.0,Airbnb,completed,Argentina,4.2
B0244,P005,2025-06-08,2025-08-30,2025-09-01,73.63,33.0,Direct,completed,Argentina,4.9
B0245,P005,2025-05-28,2025-08-21,2025-08-29,61.35,33.0,Airbnb,completed,Uruguay,4.6
B0246,P005,2025-08-24,2025-09-05,2025-09-11,71.31,33.0,Airbnb,cancelled,Brazil,
B0247,P005,2025-08-20,2025-09-21,2025-09-27,63.16,33.0,Direct,completed,Argentina,4.2
B0248,P005,2025-08-18,2025-09-02,2025-09-10,64.7,33.0,Booking.com,completed,Chile,4.2
B0249,P005,2025-07-31,2025-10-04,2025-10-11,68.35,33.0,Booking.com,completed,Argentina,4.8
B0250,P005,2025-09-02,2025-10-18,2025-10-21,73.76,33.0,Direct,completed,Argentina,4.8
B0251,P005,2025-09-25,2025-10-29,2025-11-01,73.76,33.0,Booking.com,completed,Argentina,4.9
B0252,P005,2025-09-21,2025-11-24,2025-11-29,58.85,33.0,Direct,completed,Spain,4.1
B0253,P005,2025-11-18,2025-12-15,2025-12-23,60.17,33.0,Airbnb,completed,United States,4.6
B0254,P005,2025-11-08,2025-12-04,2025-12-08,66.44,33.0,Airbnb,completed,Chile,4.7
B0255,P005,2025-11-21,2025-12-09,2025-12-13,71.32,33.0,Direct,completed,Argentina,5.0
B0256,P006,2024-03-21,2024-03-24,2024-03-26,54.13,33.0,Direct,cancelled,Chile,
B0257,P006,2024-02-20,2024-03-15,2024-03-20,62.8,33.0,Direct,completed,Argentina,4.2
B0258,P006,2024-02-11,2024-04-27,2024-05-03,54.82,33.0,Direct,completed,Argentina,4.4
B0259,P006,2024-03-31,2024-04-05,2024-04-12,61.15,33.0,Booking.com,completed,Uruguay,4.8
B0260,P006,2024-02-27,2024-05-22,2024-05-30,52.53,33.0,Airbnb,completed,Argentina,4.4
B0261,P006,2024-04-16,2024-06-10,2024-06-17,54.52,33.0,Booking.com,completed,Argentina,4.4
B0262,P006,2024-05-11,2024-06-01,2024-06-07,58.28,33.0,Direct,completed,Argentina,4.2
B0263,P006,2024-05-17,2024-06-29,2024-07-01,63.09,33.0,Airbnb,cancelled,Uruguay,
B0264,P006,2024-04-10,2024-07-13,2024-07-21,76.76,33.0,Airbnb,completed,Uruguay,4.5
B0265,P006,2024-08-18,2024-08-26,2024-09-03,54.61,33.0,Booking.com,completed,United States,4.4
B0266,P006,2024-05-26,2024-08-24,2024-08-30,57.03,33.0,Airbnb,cancelled,Argentina,
B0267,P006,2024-05-30,2024-08-06,2024-08-09,64.87,33.0,Airbnb,completed,Argentina,4.3
B0268,P006,2024-05-24,2024-08-02,2024-08-06,55.91,33.0,Booking.com,completed,Uruguay,4.5
B0269,P006,2024-07-30,2024-09-05,2024-09-08,63.58,33.0,Booking.com,completed,Brazil,4.9
B0270,P006,2024-08-17,2024-09-11,2024-09-19,64.28,33.0,Airbnb,completed,Spain,4.4
B0271,P006,2024-09-09,2024-10-11,2024-10-18,56.75,33.0,Booking.com,completed,Argentina,4.2
B0272,P006,2024-08-03,2024-10-26,2024-11-03,56.66,33.0,Direct,completed,Chile,5.0
B0273,P006,2024-10-17,2024-11-15,2024-11-21,55.54,33.0,Booking.com,completed,Brazil,4.9
B0274,P006,2024-10-19,2024-12-18,2024-12-25,56.83,33.0,Booking.com,completed,Spain,4.4
B0275,P006,2024-11-27,2025-01-09,2025-01-16,65.34,33.0,Airbnb,completed,Argentina,4.2
B0276,P006,2025-01-14,2025-02-21,2025-03-01,69.06,33.0,Booking.com,completed,Argentina,4.7
B0277,P006,2025-01-16,2025-02-08,2025-02-12,68.1,33.0,Booking.com,completed,United States,4.4
B0278,P006,2025-03-19,2025-04-05,2025-04-08,61.9,33.0,Booking.com,completed,Chile,4.7
B0279,P006,2025-04-02,2025-04-15,2025-04-21,61.22,33.0,Airbnb,completed,United States,4.9
B0280,P006,2025-01-27,2025-04-29,2025-05-05,65.96,33.0,Airbnb,completed,Argentina,4.2
B0281,P006,2025-03-26,2025-05-06,2025-05-10,58.3,33.0,Booking.com,completed,Argentina,4.2
B0282,P006,2025-02-19,2025-05-21,2025-05-23,54.78,33.0,Direct,completed,Chile,4.7
B0283,P006,2025-06-19,2025-06-24,2025-06-29,54.43,33.0,Booking.com,completed,Argentina,5.0
B0284,P006,2025-04-15,2025-06-04,2025-06-06,65.56,33.0,Direct,completed,Uruguay,4.0
B0285,P006,2025-05-04,2025-07-26,2025-08-01,67.2,33.0,Booking.com,completed,Brazil,4.1
B0286,P006,2025-06-17,2025-07-15,2025-07-22,68.16,33.0,Booking.com,completed,Chile,4.1
B0287,P006,2025-04-23,2025-07-04,2025-07-12,64.53,33.0,Airbnb,completed,Argentina,5.0
B0288,P006,2025-07-23,2025-08-06,2025-08-08,62.15,33.0,Direct,completed,Argentina,4.3
B0289,P006,2025-06-20,2025-08-01,2025-08-03,63.16,33.0,Booking.com,completed,Argentina,4.7
B0290,P006,2025-06-27,2025-09-27,2025-10-01,67.12,33.0,Airbnb,completed,Chile,4.6
B0291,P006,2025-08-11,2025-09-17,2025-09-24,67.06,33.0,Booking.com,completed,Chile,4.6
B0292,P006,2025-09-25,2025-10-06,2025-10-14,60.2,33.0,Direct,completed,Argentina,4.7
B0293,P006,2025-10-05,2025-10-14,2025-10-16,59.3,33.0,Booking.com,completed,Argentina,4.3
B0294,P006,2025-10-03,2025-11-12,2025-11-17,54.81,33.0,Airbnb,completed,Chile,4.1
B0295,P006,2025-10-25,2025-12-15,2025-12-23,65.07,33.0,Booking.com,completed,Spain,4.9
B0296,P006,2025-10-13,2025-12-23,2025-12-27,64.92,33.0,Airbnb,completed,Argentina,4.9
B0297,P006,2025-08-29,2025-12-02,2025-12-06,56.02,33.0,Expedia,completed,Argentina,4.1
B0298,P007,2023-10-14,2024-01-03,2024-01-10,60.63,25.5,Airbnb,completed,Brazil,4.2
B0299,P007,2023-11-21,2024-01-19,2024-01-27,56.97,25.5,Direct,completed,Argentina,4.9
B0300,P007,2023-12-05,2024-01-30,2024-02-07,55.0,25.5,Airbnb,completed,United States,4.9
B0301,P007,2024-01-23,2024-02-21,2024-02-28,70.23,25.5,Booking.com,completed,Argentina,4.6
B0302,P007,2024-02-07,2024-02-18,2024-02-25,86.29,25.5,Airbnb,cancelled,Argentina,
B0303,P007,2024-01-24,2024-03-17,2024-03-23,74.82,25.5,Airbnb,completed,Argentina,4.7
B0304,P007,2023-12-17,2024-03-11,2024-03-15,85.74,25.5,Booking.com,completed,Argentina,5.0
B0305,P007,2024-02-17,2024-04-14,2024-04-22,71.39,25.5,Airbnb,cancelled,Spain,
B0306,P007,2024-01-15,2024-04-17,2024-04-21,86.14,25.5,Direct,completed,Brazil,5.0
B0307,P007,2024-02-10,2024-04-14,2024-04-17,86.56,25.5,Airbnb,cancelled,Argentina,
B0308,P007,2024-05-14,2024-05-20,2024-05-28,52.11,25.5,Direct,completed,Argentina,4.1
B0309,P007,2024-04-16,2024-05-11,2024-05-13,57.63,25.5,Booking.com,completed,Chile,4.8
B0310,P007,2024-05-22,2024-05-28,2024-06-03,64.93,25.5,Booking.com,completed,Argentina,4.2
B0311,P007,2024-04-10,2024-05-04,2024-05-11,55.85,25.5,Airbnb,completed,United States,4.1
B0312,P007,2024-03-17,2024-06-08,2024-06-16,55.39,25.5,Booking.com,completed,Uruguay,4.4
B0313,P007,2024-06-05,2024-06-22,2024-06-27,52.9,25.5,Booking.com,completed,Argentina,4.7
B0314,P007,2024-06-09,2024-07-19,2024-07-26,51.01,25.5,Airbnb,completed,Uruguay,4.2
B0315,P007,2024-04-19,2024-07-18,2024-07-23,56.76,25.5,Direct,cancelled,Argentina,
B0316,P007,2024-06-05,2024-08-24,2024-08-29,51.01,25.5,Direct,completed,Spain,4.3
B0317,P007,2024-07-18,2024-08-06,2024-08-14,58.07,25.5,Direct,completed,Argentina,5.0
B0318,P007,2024-06-07,2024-08-29,2024-09-04,56.1,25.5,Airbnb,completed,Argentina,4.9
B0319,P007,2024-07-19,2024-09-07,2024-09-13,72.62,25.5,Booking.com,completed,Chile,4.7
B0320,P007,2024-09-04,2024-09-16,2024-09-24,72.61,25.5,Booking.com,completed,Spain,4.9
B0321,P007,2024-08-17,2024-10-22,2024-10-29,66.89,25.5,Airbnb,completed,Spain,4.9
B0322,P007,2024-08-26,2024-10-03,2024-10-08,59.52,25.5,Airbnb,completed,Chile,4.1
B0323,P007,2024-08-08,2024-10-10,2024-10-14,70.77,25.5,Direct,completed,Argentina,4.9
B0324,P007,2024-09-09,2024-11-19,2024-11-26,70.1,25.5,Booking.com,completed,Brazil,4.0
B0325,P007,2024-09-23,2024-11-09,2024-11-14,67.87,25.5,Airbnb,completed,Argentina,4.8
B0326,P007,2024-08-22,2024-11-16,2024-11-18,71.58,25.5,Booking.com,completed,United States,4.6
B0327,P007,2024-09-18,2024-12-02,2024-12-05,61.14,25.5,Booking.com,cancelled,Argentina,
B0328,P007,2024-10-04,2024-12-20,2024-12-26,54.04,25.5,Airbnb,completed,Argentina,4.8
B0329,P007,2024-10-11,2025-01-06,2025-01-08,59.39,25.5,Booking.com,completed,Argentina,4.2
B0330,P007,2025-02-01,2025-02-27,2025-03-04,83.73,25.5,Expedia,completed,Brazil,4.9
B0331,P007,2024-11-13,2025-02-03,2025-02-11,73.24,25.5,Direct,cancelled,Argentina,
B0332,P007,2024-12-24,2025-03-07,2025-03-13,83.82,25.5,Airbnb,completed,Spain,4.9
B0333,P007,2025-01-06,2025-03-26,2025-03-29,76.5,25.5,Direct,completed,Brazil,4.9
B0334,P007,2025-02-18,2025-04-16,2025-04-20,86.83,25.5,Booking.com,completed,Argentina,4.3
B0335,P007,2025-02-01,2025-04-21,2025-04-24,74.15,25.5,Direct,completed,United States,4.1
B0336,P007,2025-02-01,2025-04-05,2025-04-12,83.67,25.5,Airbnb,completed,Argentina,4.3
B0337,P007,2025-01-31,2025-04-26,2025-05-01,75.78,25.5,Airbnb,completed,Argentina,4.4
B0338,P007,2025-04-05,2025-05-08,2025-05-13,57.97,25.5,Airbnb,completed,Argentina,4.0
B0339,P007,2025-05-08,2025-05-14,2025-05-22,54.06,25.5,Booking.com,cancelled,Spain,
B0340,P007,2025-05-03,2025-06-23,2025-06-30,56.0,25.5,Airbnb,completed,Argentina,4.8
B0341,P007,2025-05-23,2025-06-05,2025-06-12,64.28,25.5,Booking.com,completed,Argentina,4.4
B0342,P007,2025-05-23,2025-06-14,2025-06-18,61.83,25.5,Booking.com,completed,Argentina,4.2
B0343,P007,2025-06-11,2025-07-02,2025-07-07,58.73,25.5,Expedia,completed,Chile,4.7
B0344,P007,2025-07-09,2025-07-29,2025-08-01,52.0,25.5,Airbnb,completed,Argentina,4.7
B0345,P007,2025-04-28,2025-07-18,2025-07-26,61.72,25.5,Expedia,completed,Argentina,4.5
B0346,P007,2025-06-18,2025-09-15,2025-09-23,69.7,25.5,Direct,completed,Argentina,4.2
B0347,P007,2025-09-23,2025-10-12,2025-10-19,70.03,25.5,Airbnb,completed,Argentina,4.3
B0348,P007,2025-08-14,2025-10-05,2025-10-12,66.33,25.5,Direct,completed,Brazil,4.2
B0349,P007,2025-10-16,2025-11-14,2025-11-22,74.7,25.5,Airbnb,completed,Argentina,4.0
B0350,P007,2025-08-21,2025-11-11,2025-11-18,68.12,25.5,Airbnb,cancelled,Spain,
B0351,P007,2025-10-07,2025-11-07,2025-11-13,71.92,25.5,Booking.com,completed,Brazil,4.5
B0352,P007,2025-11-25,2025-12-23,2025-12-26,63.83,25.5,Direct,completed,Uruguay,4.1
B0353,P007,2025-10-05,2025-12-26,2025-12-31,62.34,25.5,Booking.com,completed,Argentina,4.4
B0354,P008,2023-10-26,2024-01-17,2024-01-19,103.82,40.5,Airbnb,completed,Argentina,4.0
B0355,P008,2023-12-04,2024-02-17,2024-02-19,160.06,40.5,Direct,completed,Argentina,4.4
B0356,P008,2024-02-19,2024-02-22,2024-02-26,159.97,40.5,Direct,completed,Argentina,4.7
B0357,P008,2023-11-29,2024-02-06,2024-02-11,142.94,40.5,Airbnb,completed,Argentina,4.1
B0358,P008,2023-12-15,2024-03-06,2024-03-14,133.41,40.5,Airbnb,completed,Brazil,4.2
B0359,P008,2024-02-25,2024-04-03,2024-04-08,156.28,40.5,Expedia,completed,Brazil,4.6
B0360,P008,2024-03-04,2024-04-20,2024-04-28,166.17,40.5,Airbnb,completed,Brazil,4.6
B0361,P008,2024-04-05,2024-05-14,2024-05-17,120.32,40.5,Airbnb,completed,Spain,4.9
B0362,P008,2024-04-09,2024-05-02,2024-05-09,124.66,40.5,Airbnb,completed,Brazil,4.6
B0363,P008,2024-05-24,2024-06-12,2024-06-14,111.7,40.5,Airbnb,completed,Argentina,4.9
B0364,P008,2024-04-28,2024-06-04,2024-06-10,116.29,40.5,Direct,completed,Argentina,4.6
B0365,P008,2024-06-17,2024-06-28,2024-06-30,125.77,40.5,Booking.com,cancelled,Argentina,
B0366,P008,2024-05-03,2024-07-21,2024-07-26,110.59,40.5,Airbnb,completed,Chile,4.1
B0367,P008,2024-05-28,2024-07-03,2024-07-10,118.89,40.5,Booking.com,completed,Argentina,4.1
B0368,P008,2024-07-14,2024-07-30,2024-08-07,123.71,40.5,Airbnb,completed,Chile,4.4
B0369,P008,2024-08-04,2024-08-16,2024-08-20,103.15,40.5,Booking.com,completed,Argentina,4.2
B0370,P008,2024-05-12,2024-08-08,2024-08-10,116.46,40.5,Airbnb,completed,Uruguay,4.2
B0371,P008,2024-07-18,2024-08-20,2024-08-28,108.89,40.5,Airbnb,completed,Brazil,4.6
B0372,P008,2024-07-13,2024-09-19,2024-09-21,134.18,40.5,Airbnb,cancelled,Argentina,
B0373,P008,2024-07-24,2024-09-23,2024-09-27,114.68,40.5,Airbnb,completed,Chile,4.0
B0374,P008,2024-08-05,2024-09-01,2024-09-08,139.13,40.5,Airbnb,completed,Argentina,5.0
B0375,P008,2024-07-11,2024-09-08,2024-09-10,139.65,40.5,Booking.com,completed,Argentina,4.2
B0376,P008,2024-07-31,2024-10-25,2024-10-29,126.94,40.5,Airbnb,cancelled,Argentina,
B0377,P008,2024-08-12,2024-11-15,2024-11-17,120.87,40.5,Booking.com,completed,Uruguay,4.4
B0378,P008,2024-10-21,2024-11-17,2024-11-19,136.75,40.5,Airbnb,cancelled,Argentina,
B0379,P008,2025-01-13,2025-01-25,2025-01-30,111.96,40.5,Airbnb,completed,Argentina,4.2
B0380,P008,2024-11-18,2025-01-16,2025-01-23,101.64,40.5,Booking.com,completed,Argentina,4.9
B0381,P008,2024-11-22,2025-02-11,2025-02-19,160.19,40.5,Booking.com,completed,Argentina,5.0
B0382,P008,2025-01-28,2025-03-11,2025-03-16,163.08,40.5,Direct,cancelled,Argentina,
B0383,P008,2025-02-03,2025-03-08,2025-03-15,166.8,40.5,Airbnb,completed,Argentina,4.8
B0384,P008,2025-02-20,2025-03-22,2025-03-29,133.28,40.5,Airbnb,completed,Argentina,4.5
B0385,P008,2025-02-08,2025-03-30,2025-04-05,134.04,40.5,Airbnb,completed,Argentina,4.7
B0386,P008,2025-04-07,2025-05-22,2025-05-29,123.55,40.5,Expedia,completed,Chile,4.4
B0387,P008,2025-04-25,2025-05-03,2025-05-06,105.34,40.5,Expedia,completed,Argentina,4.4
B0388,P008,2025-05-05,2025-05-14,2025-05-18,102.74,40.5,Booking.com,completed,Argentina,4.3
B0389,P008,2025-05-11,2025-06-29,2025-07-05,111.3,40.5,Airbnb,completed,Brazil,4.3
B0390,P008,2025-03-15,2025-06-12,2025-06-20,124.32,40.5,Direct,completed,Brazil,4.6
B0391,P008,2025-05-05,2025-06-04,2025-06-11,115.7,40.5,Airbnb,completed,Brazil,5.0
B0392,P008,2025-05-20,2025-07-18,2025-07-20,105.83,40.5,Booking.com,completed,Chile,4.3
B0393,P008,2025-05-14,2025-07-21,2025-07-28,110.99,40.5,Direct,completed,Argentina,4.9
B0394,P008,2025-05-24,2025-08-12,2025-08-19,114.4,40.5,Airbnb,completed,United States,4.9
B0395,P008,2025-07-16,2025-08-20,2025-08-25,107.26,40.5,Airbnb,completed,Uruguay,4.5
B0396,P008,2025-06-18,2025-08-04,2025-08-06,101.33,40.5,Airbnb,completed,Argentina,4.6
B0397,P008,2025-07-06,2025-09-12,2025-09-19,138.28,40.5,Booking.com,completed,United States,4.4
B0398,P008,2025-08-22,2025-09-03,2025-09-10,117.73,40.5,Booking.com,completed,Argentina,4.7
B0399,P008,2025-08-08,2025-10-22,2025-10-25,145.99,40.5,Airbnb,completed,Argentina,4.3
B0400,P008,2025-09-09,2025-10-19,2025-10-22,142.31,40.5,Direct,completed,Argentina,4.4
B0401,P008,2025-09-08,2025-11-28,2025-12-05,119.47,40.5,Direct,completed,Argentina,4.1
B0402,P008,2025-10-06,2025-12-05,2025-12-07,114.18,40.5,Booking.com,completed,Argentina,4.8
B0403,P008,2025-10-12,2025-12-08,2025-12-10,117.8,40.5,Booking.com,completed,Argentina,4.3
B0404,P008,2025-10-18,2025-12-24,2025-12-31,108.04,40.5,Direct,completed,Argentina,4.2
B0405,P008,2025-09-07,2025-12-10,2025-12-15,108.35,40.5,Expedia,completed,Argentina,4.6
B0406,P009,2024-05-22,2024-05-26,2024-06-02,85.8,33.0,Airbnb,completed,Argentina,4.1
B0407,P009,2024-03-06,2024-05-09,2024-05-12,74.78,33.0,Booking.com,completed,Argentina,5.0
B0408,P009,2024-04-28,2024-05-18,2024-05-24,83.47,33.0,Airbnb,completed,Chile,4.1
B0409,P009,2024-05-02,2024-06-26,2024-07-01,74.55,33.0,Expedia,completed,Uruguay,4.6
B0410,P009,2024-03-10,2024-06-12,2024-06-15,75.0,33.0,Booking.com,completed,Argentina,4.8
B0411,P009,2024-06-09,2024-06-17,2024-06-25,75.01,33.0,Airbnb,completed,Spain,4.5
B0412,P009,2024-06-17,2024-07-17,2024-07-24,84.3,33.0,Airbnb,completed,Chile,4.3
B0413,P009,2024-05-22,2024-07-28,2024-07-31,79.22,33.0,Booking.com,completed,Brazil,4.5
B0414,P009,2024-06-15,2024-07-10,2024-07-15,69.82,33.0,Direct,completed,Brazil,4.1
B0415,P009,2024-07-18,2024-08-30,2024-09-01,74.67,33.0,Expedia,completed,Argentina,4.0
B0416,P009,2024-07-08,2024-08-07,2024-08-14,80.27,33.0,Airbnb,completed,Chile,4.8
B0417,P009,2024-08-02,2024-09-27,2024-10-03,97.25,33.0,Airbnb,completed,Argentina,4.3
B0418,P009,2024-06-23,2024-09-13,2024-09-21,95.24,33.0,Airbnb,completed,Argentina,4.6
B0419,P009,2024-08-13,2024-09-07,2024-09-12,90.48,33.0,Booking.com,completed,Argentina,4.3
B0420,P009,2024-10-16,2024-10-29,2024-11-03,93.29,33.0,Airbnb,completed,Argentina,4.3
B0421,P009,2024-10-09,2024-10-18,2024-10-23,99.71,33.0,Expedia,completed,Argentina,4.6
B0422,P009,2024-11-05,2024-11-22,2024-11-24,99.62,33.0,Direct,completed,Argentina,4.3
B0423,P009,2024-08-30,2024-11-17,2024-11-19,86.3,33.0,Airbnb,completed,Argentina,4.8
B0424,P009,2024-10-05,2024-11-03,2024-11-07,96.96,33.0,Direct,completed,United States,4.8
B0425,P009,2024-10-29,2024-12-17,2024-12-19,80.47,33.0,Booking.com,cancelled,Argentina,
B0426,P009,2024-12-07,2024-12-19,2024-12-21,76.44,33.0,Booking.com,completed,United States,4.9
B0427,P009,2024-11-07,2025-01-30,2025-02-04,70.32,33.0,Booking.com,cancelled,Brazil,
B0428,P009,2025-01-15,2025-01-24,2025-01-31,81.39,33.0,Expedia,cancelled,Chile,
B0429,P009,2024-12-05,2025-02-19,2025-02-25,114.78,33.0,Direct,completed,Argentina,5.0
B0430,P009,2025-01-10,2025-03-13,2025-03-16,116.95,33.0,Booking.com,completed,Chile,4.4
B0431,P009,2025-02-15,2025-03-25,2025-03-28,119.43,33.0,Booking.com,completed,Spain,4.2
B0432,P009,2025-02-04,2025-03-18,2025-03-24,97.5,33.0,Booking.com,completed,Uruguay,4.4
B0433,P009,2025-02-01,2025-03-10,2025-03-13,115.45,33.0,Direct,completed,United States,4.3
B0434,P009,2025-02-09,2025-04-16,2025-04-18,112.02,33.0,Booking.com,completed,Uruguay,4.9
B0435,P009,2025-02-28,2025-04-28,2025-05-05,107.38,33.0,Direct,completed,Brazil,4.1
B0436,P009,2025-03-29,2025-04-10,2025-04-14,121.98,33.0,Booking.com,completed,Argentina,4.1
B0437,P009,2025-03-02,2025-04-08,2025-04-14,106.61,33.0,Booking.com,cancelled,Brazil,
B0438,P009,2025-03-14,2025-05-27,2025-06-01,88.06,33.0,Direct,completed,Brazil,4.3
B0439,P009,2025-05-30,2025-06-09,2025-06-16,74.86,33.0,Direct,completed,Brazil,4.2
B0440,P009,2025-05-25,2025-06-18,2025-06-22,84.19,33.0,Booking.com,completed,Spain,4.9
B0441,P009,2025-05-09,2025-06-28,2025-07-05,83.73,33.0,Airbnb,completed,Argentina,4.7
B0442,P009,2025-03-28,2025-06-02,2025-06-09,78.58,33.0,Booking.com,completed,Uruguay,4.2
B0443,P009,2025-06-10,2025-07-16,2025-07-24,78.71,33.0,Booking.com,completed,Brazil,4.1
B0444,P009,2025-05-15,2025-07-28,2025-08-02,70.12,33.0,Booking.com,completed,United States,4.8
B0445,P009,2025-05-25,2025-08-07,2025-08-10,72.11,33.0,Direct,completed,Argentina,4.5
B0446,P009,2025-08-29,2025-09-27,2025-09-30,99.79,33.0,Airbnb,completed,Chile,4.7
B0447,P009,2025-08-01,2025-09-09,2025-09-16,96.19,33.0,Airbnb,completed,Spain,4.7
B0448,P009,2025-07-28,2025-09-23,2025-09-26,105.04,33.0,Booking.com,completed,Argentina,4.2
B0449,P009,2025-07-11,2025-09-18,2025-09-20,102.66,33.0,Booking.com,completed,Argentina,4.5
B0450,P009,2025-07-13,2025-10-01,2025-10-05,94.48,33.0,Direct,completed,Argentina,4.8
B0451,P009,2025-09-22,2025-10-08,2025-10-10,90.27,33.0,Airbnb,completed,Brazil,4.5
B0452,P009,2025-08-26,2025-11-13,2025-11-17,81.72,33.0,Direct,completed,Chile,4.1
B0453,P009,2025-11-02,2025-11-21,2025-11-26,91.08,33.0,Airbnb,completed,Argentina,4.4
B0454,P009,2025-09-07,2025-11-04,2025-11-12,91.95,33.0,Booking.com,completed,Chile,4.5
B0455,P009,2025-10-11,2025-11-26,2025-12-01,102.79,33.0,Booking.com,completed,Argentina,4.6
B0456,P009,2025-09-01,2025-12-03,2025-12-11,78.01,33.0,Airbnb,completed,Chile,4.4
B0457,P009,2025-11-11,2025-12-14,2025-12-19,70.57,33.0,Direct,completed,Argentina,4.5
B0458,P009,2025-12-08,2025-12-22,2025-12-29,70.99,33.0,Direct,completed,Chile,4.5
B0459,P010,2023-10-27,2024-01-24,2024-01-27,131.53,33.0,Expedia,completed,Brazil,5.0
B0460,P010,2023-10-09,2024-01-02,2024-01-07,153.1,33.0,Airbnb,completed,Argentina,4.6
B0461,P010,2023-11-10,2024-01-30,2024-02-02,146.28,33.0,Booking.com,completed,Chile,4.6
B0462,P010,2023-11-14,2024-02-05,2024-02-08,144.5,33.0,Direct,completed,Chile,4.6
B0463,P010,2023-12-06,2024-02-13,2024-02-15,145.17,33.0,Expedia,completed,Chile,4.2
B0464,P010,2024-01-15,2024-03-12,2024-03-17,121.61,33.0,Booking.com,completed,Uruguay,4.6
B0465,P010,2024-02-15,2024-03-21,2024-03-25,106.53,33.0,Expedia,completed,Argentina,4.9
B0466,P010,2024-01-27,2024-04-14,2024-04-20,108.88,33.0,Booking.com,completed,Uruguay,4.6
B0467,P010,2024-03-10,2024-04-29,2024-05-01,114.14,33.0,Direct,cancelled,Argentina,
B0468,P010,2024-02-02,2024-04-27,2024-05-02,101.31,33.0,Direct,completed,Brazil,4.2
B0469,P010,2024-04-20,2024-04-24,2024-04-26,112.34,33.0,Booking.com,completed,Spain,4.4
B0470,P010,2024-02-12,2024-05-08,2024-05-11,121.47,33.0,Expedia,completed,Argentina,4.8
B0471,P010,2024-05-09,2024-06-28,2024-07-06,197.28,33.0,Airbnb,completed,Brazil,4.2
B0472,P010,2024-03-14,2024-06-14,2024-06-17,190.0,33.0,Direct,completed,Brazil,4.3
B0473,P010,2024-05-21,2024-07-13,2024-07-21,168.81,33.0,Direct,completed,Uruguay,4.4
B0474,P010,2024-04-28,2024-07-21,2024-07-27,201.52,33.0,Airbnb,completed,Argentina,4.3
B0475,P010,2024-05-17,2024-07-29,2024-08-06,193.39,33.0,Expedia,completed,Argentina,5.0
B0476,P010,2024-05-30,2024-08-28,2024-09-05,194.7,33.0,Airbnb,completed,Chile,4.3
B0477,P010,2024-05-06,2024-08-07,2024-08-12,187.19,33.0,Airbnb,completed,Argentina,4.7
B0478,P010,2024-07-16,2024-09-05,2024-09-11,105.78,33.0,Booking.com,completed,Argentina,4.9
B0479,P010,2024-08-08,2024-09-17,2024-09-23,120.85,33.0,Direct,completed,Argentina,4.1
B0480,P010,2024-11-06,2024-11-09,2024-11-15,128.92,33.0,Airbnb,completed,Argentina,4.7
B0481,P010,2024-10-01,2024-11-05,2024-11-09,115.51,33.0,Direct,completed,United States,4.7
B0482,P010,2024-08-28,2024-11-27,2024-12-01,101.25,33.0,Airbnb,completed,Uruguay,4.8
B0483,P010,2024-10-18,2024-12-16,2024-12-23,162.08,33.0,Direct,cancelled,Chile,
B0484,P010,2024-10-19,2025-01-16,2025-01-20,134.53,33.0,Direct,completed,Argentina,4.7
B0485,P010,2024-12-24,2025-01-25,2025-01-29,163.35,33.0,Booking.com,completed,Uruguay,4.3
B0486,P010,2025-01-03,2025-02-25,2025-03-01,138.2,33.0,Airbnb,completed,Argentina,4.3
B0487,P010,2025-01-29,2025-03-28,2025-04-04,104.59,33.0,Airbnb,completed,Chile,4.1
B0488,P010,2025-03-02,2025-03-13,2025-03-20,106.68,33.0,Direct,cancelled,Uruguay,
B0489,P010,2025-03-11,2025-03-25,2025-03-28,124.35,33.0,Airbnb,cancelled,Brazil,
B0490,P010,2025-03-02,2025-04-24,2025-04-28,110.35,33.0,Direct,completed,Uruguay,4.8
B0491,P010,2025-04-04,2025-04-08,2025-04-15,121.22,33.0,Booking.com,completed,Argentina,4.8
B0492,P010,2025-03-31,2025-05-16,2025-05-23,117.2,33.0,Direct,completed,Argentina,4.5
B0493,P010,2025-03-25,2025-05-26,2025-06-01,113.2,33.0,Airbnb,completed,Argentina,4.2
B0494,P010,2025-02-05,2025-05-05,2025-05-12,103.18,33.0,Airbnb,completed,Spain,4.8
B0495,P010,2025-05-23,2025-06-03,2025-06-08,200.14,33.0,Airbnb,completed,Argentina,4.1
B0496,P010,2025-05-01,2025-06-26,2025-07-02,182.25,33.0,Booking.com,completed,Argentina,4.2
B0497,P010,2025-04-06,2025-06-22,2025-06-26,161.12,33.0,Booking.com,completed,Argentina,4.6
B0498,P010,2025-06-02,2025-06-09,2025-06-12,166.34,33.0,Expedia,completed,Chile,4.3
B0499,P010,2025-04-28,2025-07-19,2025-07-27,201.97,33.0,Direct,completed,Chile,4.7
B0500,P010,2025-07-03,2025-07-27,2025-07-30,170.94,33.0,Airbnb,completed,Brazil,4.3
B0501,P010,2025-06-03,2025-07-08,2025-07-16,174.37,33.0,Airbnb,completed,Argentina,4.5
B0502,P010,2025-05-20,2025-07-30,2025-08-06,186.9,33.0,Airbnb,completed,Brazil,4.4
B0503,P010,2025-05-28,2025-08-15,2025-08-18,177.85,33.0,Booking.com,completed,Argentina,4.4
B0504,P010,2025-07-25,2025-08-06,2025-08-08,202.91,33.0,Airbnb,completed,Brazil,4.6
B0505,P010,2025-08-07,2025-09-21,2025-09-27,114.89,33.0,Airbnb,cancelled,Argentina,
B0506,P010,2025-08-27,2025-09-26,2025-09-29,116.0,33.0,Booking.com,completed,Brazil,4.9
B0507,P010,2025-07-27,2025-09-17,2025-09-25,112.91,33.0,Expedia,completed,United States,4.9
B0508,P010,2025-09-23,2025-10-18,2025-10-21,112.69,33.0,Direct,completed,Brazil,4.9
B0509,P010,2025-08-21,2025-10-09,2025-10-11,120.75,33.0,Airbnb,completed,Brazil,4.8
B0510,P010,2025-08-05,2025-10-13,2025-10-15,127.64,33.0,Expedia,completed,Argentina,4.0
B0511,P010,2025-10-17,2025-11-29,2025-12-02,111.72,33.0,Direct,completed,Argentina,4.2
B0512,P010,2025-10-11,2025-12-20,2025-12-25,152.25,33.0,Booking.com,completed,Argentina,5.0
B0513,P010,2025-09-10,2025-12-07,2025-12-11,169.0,33.0,Expedia,completed,Chile,4.6
B0514,P011,2024-01-02,2024-01-15,2024-01-19,144.93,33.0,Airbnb,completed,Argentina,4.5
B0515,P011,2024-01-13,2024-01-24,2024-02-01,125.02,33.0,Booking.com,completed,United States,4.7
B0516,P011,2023-12-25,2024-01-13,2024-01-15,131.17,33.0,Booking.com,completed,United States,4.6
B0517,P011,2023-10-20,2024-01-01,2024-01-06,129.67,33.0,Airbnb,completed,Brazil,4.1
B0518,P011,2023-12-09,2024-02-12,2024-02-16,118.29,33.0,Airbnb,cancelled,Argentina,
B0519,P011,2024-02-25,2024-03-28,2024-03-30,98.22,33.0,Airbnb,completed,Argentina,4.1
B0520,P011,2024-01-14,2024-04-09,2024-04-11,95.95,33.0,Expedia,completed,Brazil,4.3
B0521,P011,2024-02-20,2024-04-29,2024-05-05,106.43,33.0,Booking.com,completed,Uruguay,4.0
B0522,P011,2024-03-16,2024-05-19,2024-05-24,99.97,33.0,Airbnb,completed,Argentina,4.1
B0523,P011,2024-02-04,2024-05-05,2024-05-09,91.3,33.0,Direct,completed,Chile,4.4
B0524,P011,2024-04-03,2024-05-12,2024-05-17,94.69,33.0,Booking.com,completed,Argentina,4.4
B0525,P011,2024-03-09,2024-05-29,2024-06-04,112.25,33.0,Direct,completed,Spain,4.1
B0526,P011,2024-04-05,2024-06-13,2024-06-18,169.17,33.0,Airbnb,completed,Argentina,4.5
B0527,P011,2024-07-22,2024-07-29,2024-08-06,161.2,33.0,Airbnb,completed,United States,4.9
B0528,P011,2024-04-23,2024-07-27,2024-08-02,149.44,33.0,Direct,cancelled,Brazil,
B0529,P011,2024-04-08,2024-07-11,2024-07-15,166.8,33.0,Airbnb,completed,Argentina,4.3
B0530,P011,2024-05-30,2024-07-03,2024-07-06,179.37,33.0,Direct,cancelled,Uruguay,
B0531,P011,2024-05-13,2024-08-16,2024-08-23,170.25,33.0,Expedia,completed,Argentina,4.2
B0532,P011,2024-06-14,2024-09-13,2024-09-17,89.32,33.0,Airbnb,completed,Spain,4.1
B0533,P011,2024-07-04,2024-09-17,2024-09-19,92.34,33.0,Airbnb,completed,Chile,4.3
B0534,P011,2024-09-27,2024-10-29,2024-11-06,106.2,33.0,Airbnb,completed,Argentina,4.6
B0535,P011,2024-08-08,2024-10-08,2024-10-12,103.76,33.0,Direct,completed,Brazil,5.0
B0536,P011,2024-08-04,2024-10-14,2024-10-19,93.31,33.0,Booking.com,completed,Argentina,5.0
B0537,P011,2024-08-07,2024-10-23,2024-10-27,92.32,33.0,Booking.com,completed,Brazil,5.0
B0538,P011,2024-11-08,2024-11-26,2024-11-28,103.5,33.0,Booking.com,completed,Argentina,4.4
B0539,P011,2024-09-06,2024-11-15,2024-11-22,105.51,33.0,Booking.com,completed,United States,4.5
B0540,P011,2024-08-28,2024-11-07,2024-11-12,114.86,33.0,Direct,completed,Argentina,4.8
B0541,P011,2024-10-09,2024-11-12,2024-11-14,94.93,33.0,Direct,completed,Argentina,4.4
B0542,P011,2024-11-05,2024-12-28,2025-01-02,115.62,33.0,Expedia,completed,United States,4.4
B0543,P011,2024-11-17,2024-12-18,2024-12-26,149.15,33.0,Airbnb,completed,Argentina,4.0
B0544,P011,2024-11-13,2025-01-16,2025-01-23,115.57,33.0,Airbnb,completed,Uruguay,4.2
B0545,P011,2024-10-30,2025-01-30,2025-02-05,148.58,33.0,Airbnb,completed,Argentina,4.3
B0546,P011,2024-10-07,2025-01-07,2025-01-10,143.44,33.0,Airbnb,completed,Argentina,4.3
B0547,P011,2025-01-22,2025-02-10,2025-02-14,137.5,33.0,Airbnb,completed,Chile,4.2
B0548,P011,2025-02-19,2025-03-08,2025-03-14,97.39,33.0,Booking.com,completed,Chile,4.7
B0549,P011,2025-01-02,2025-03-05,2025-03-07,97.05,33.0,Airbnb,completed,Argentina,4.5
B0550,P011,2024-12-25,2025-03-28,2025-04-02,94.64,33.0,Direct,completed,Uruguay,4.8
B0551,P011,2025-03-18,2025-04-14,2025-04-16,90.9,33.0,Booking.com,completed,Brazil,4.2
B0552,P011,2025-01-31,2025-04-18,2025-04-22,109.77,33.0,Airbnb,completed,United States,4.6
B0553,P011,2025-02-26,2025-05-10,2025-05-17,94.76,33.0,Direct,completed,Brazil,4.2
B0554,P011,2025-03-08,2025-05-21,2025-05-28,93.75,33.0,Booking.com,completed,Argentina,4.6
B0555,P011,2025-05-28,2025-06-17,2025-06-23,160.29,33.0,Booking.com,cancelled,Argentina,
B0556,P011,2025-05-23,2025-06-16,2025-06-21,158.19,33.0,Airbnb,completed,Argentina,4.8
B0557,P011,2025-04-20,2025-07-12,2025-07-18,149.78,33.0,Expedia,completed,Brazil,4.8
B0558,P011,2025-04-27,2025-07-24,2025-07-31,158.9,33.0,Direct,completed,Argentina,4.3
B0559,P011,2025-06-14,2025-08-02,2025-08-09,179.53,33.0,Expedia,completed,Argentina,4.1
B0560,P011,2025-05-17,2025-08-16,2025-08-18,172.87,33.0,Airbnb,completed,Brazil,4.1
B0561,P011,2025-05-27,2025-08-25,2025-08-28,163.77,33.0,Direct,completed,Argentina,4.7
B0562,P011,2025-07-23,2025-08-18,2025-08-25,156.35,33.0,Direct,completed,Argentina,4.4
B0563,P011,2025-08-21,2025-10-18,2025-10-21,96.42,33.0,Booking.com,cancelled,Argentina,
B0564,P011,2025-09-19,2025-10-04,2025-10-08,108.85,33.0,Airbnb,completed,Argentina,4.4
B0565,P011,2025-10-17,2025-11-29,2025-12-06,100.12,33.0,Airbnb,cancelled,Argentina,
B0566,P011,2025-10-23,2025-11-11,2025-11-17,103.72,33.0,Booking.com,completed,Uruguay,4.9
B0567,P011,2025-10-08,2025-11-02,2025-11-09,101.72,33.0,Airbnb,completed,Spain,4.8
B0568,P011,2025-10-21,2025-11-20,2025-11-27,106.09,33.0,Expedia,completed,Argentina,4.7
B0569,P011,2025-11-20,2025-12-09,2025-12-17,127.89,33.0,Booking.com,completed,Brazil,4.5
B0570,P012,2024-03-07,2024-06-03,2024-06-09,153.04,25.5,Airbnb,completed,Brazil,4.0
B0571,P012,2024-05-23,2024-06-19,2024-06-21,155.89,25.5,Expedia,completed,Argentina,4.4
B0572,P012,2024-06-22,2024-07-04,2024-07-11,127.24,25.5,Direct,cancelled,Argentina,
B0573,P012,2024-04-13,2024-07-04,2024-07-11,134.49,25.5,Expedia,completed,Brazil,4.2
B0574,P012,2024-07-17,2024-07-27,2024-07-29,122.53,25.5,Booking.com,completed,United States,4.9
B0575,P012,2024-08-15,2024-08-22,2024-08-26,126.25,25.5,Airbnb,completed,Chile,4.8
B0576,P012,2024-05-16,2024-08-06,2024-08-12,149.12,25.5,Booking.com,completed,Argentina,5.0
B0577,P012,2024-09-05,2024-09-23,2024-09-27,95.84,25.5,Booking.com,completed,Chile,4.3
B0578,P012,2024-06-06,2024-09-09,2024-09-11,99.89,25.5,Booking.com,completed,Spain,4.6
B0579,P012,2024-08-17,2024-10-24,2024-10-28,87.33,25.5,Booking.com,completed,Argentina,4.9
B0580,P012,2024-08-27,2024-11-23,2024-11-27,82.78,25.5,Expedia,completed,Chile,4.6
B0581,P012,2024-08-31,2024-11-26,2024-11-29,101.23,25.5,Booking.com,cancelled,Brazil,
B0582,P012,2024-11-20,2024-12-18,2024-12-23,117.81,25.5,Direct,completed,Uruguay,4.5
B0583,P012,2024-11-21,2025-01-06,2025-01-10,125.96,25.5,Expedia,completed,Brazil,4.7
B0584,P012,2024-12-20,2025-02-25,2025-02-27,117.68,25.5,Direct,completed,Brazil,4.9
B0585,P012,2024-12-01,2025-02-17,2025-02-22,109.86,25.5,Booking.com,completed,Argentina,4.4
B0586,P012,2024-12-21,2025-02-09,2025-02-16,105.61,25.5,Booking.com,completed,Brazil,4.2
B0587,P012,2024-12-26,2025-02-05,2025-02-08,130.1,25.5,Airbnb,completed,Chile,4.5
B0588,P012,2025-02-15,2025-03-18,2025-03-23,92.5,25.5,Airbnb,completed,Chile,4.2
B0589,P012,2025-02-18,2025-04-21,2025-04-27,80.37,25.5,Airbnb,completed,Argentina,4.9
B0590,P012,2025-02-08,2025-04-10,2025-04-12,80.99,25.5,Booking.com,completed,Argentina,4.4
B0591,P012,2025-02-15,2025-05-21,2025-05-25,79.67,25.5,Direct,completed,Argentina,5.0
B0592,P012,2025-04-19,2025-05-17,2025-05-20,101.48,25.5,Booking.com,completed,Spain,4.6
B0593,P012,2025-05-08,2025-06-15,2025-06-17,151.36,25.5,Booking.com,completed,Brazil,4.9
B0594,P012,2025-05-23,2025-06-01,2025-06-03,140.11,25.5,Expedia,completed,Argentina,4.1
B0595,P012,2025-04-02,2025-06-25,2025-06-30,144.47,25.5,Booking.com,completed,Brazil,4.8
B0596,P012,2025-06-26,2025-07-04,2025-07-08,130.26,25.5,Booking.com,completed,Argentina,4.2
B0597,P012,2025-08-10,2025-08-22,2025-08-29,134.1,25.5,Airbnb,completed,Argentina,4.3
B0598,P012,2025-08-18,2025-08-30,2025-09-01,140.16,25.5,Direct,completed,United States,4.5
B0599,P012,2025-06-25,2025-09-28,2025-10-05,95.96,25.5,Expedia,completed,Brazil,4.3
B0600,P012,2025-06-04,2025-09-05,2025-09-11,97.5,25.5,Booking.com,completed,Chile,4.7
B0601,P012,2025-10-13,2025-10-30,2025-11-02,99.06,25.5,Booking.com,completed,Brazil,4.6
B0602,P012,2025-07-12,2025-10-09,2025-10-12,83.87,25.5,Booking.com,completed,Brazil,4.0
B0603,P012,2025-10-19,2025-10-23,2025-10-27,85.83,25.5,Direct,completed,Chile,4.5
B0604,P012,2025-10-04,2025-10-15,2025-10-21,95.0,25.5,Airbnb,completed,Argentina,4.2
B0605,P012,2025-11-08,2025-11-28,2025-12-06,83.78,25.5,Booking.com,completed,Argentina,4.2
B0606,P012,2025-11-02,2025-12-24,2025-12-31,106.31,25.5,Airbnb,completed,Brazil,4.5
B0607,P012,2025-10-24,2025-12-12,2025-12-18,108.54,25.5,Airbnb,completed,Brazil,4.4
